Go,Go
Mediterranean Avenue,Property
Community Chest,Property
Baltic Avenue,Property
Income Tax,IncomeTax
Reading Railroad,Property
Oriental Avenue,Property
Chance,Property
Vermont Avenue,Property
Connecticut Avenue,Property
Jail,Property
St. Charles Place,Property
Electric Company,Property
States Avenue,Property
Virginia Avenue,Property
Pennsylvania Railroad,Property
St. James Place,Property
Community Chest,Property
Tennessee Avenue,Property
New York Avenue,Property
Free Parking,Property
Kentucky Avenue,Property
Chance,Property
Indiana Avenue,Property
Illinois Avenue,Property
B & O Railroad,Property
Atlantic Avenue,Property
Ventor Avenue,Property
Water Works,Property
Marvin Gardens,Property
Go To Jail,Property
Pacific Avenue,Property
North Carolina Avenue,Property
Community Chest,Property
Pennsylvania Avenue,Property
Short Line Railroad,Property
Chance,Property
Park Place,Property
Luxury Tax,LuxuryTax
Boardwalk,Property